num_hiddens1,59
num_hiddens2,72
num_hiddens3,112
alpha,1.0238184071398007e-05
l1_coef,0.00011791248258235464
